--PART A. Script#2

--EMPLOYEE (22001-22010)
INSERT INTO EMPLOYEE VALUES (22001,'Xaviera','Parks','Technician','(898) 427-9540','eu@heinz.com','01-26-95','Male',84241,'12-22-19',10001,22001);
INSERT INTO EMPLOYEE VALUES (22002,'Shaine','Ellis','Technician','(863) 777-1733','eu.tellus.phasellus@heinz.com','02-14-84','Female',83241,'08-19-15',10004,22001);
INSERT INTO EMPLOYEE VALUES (22003,'Ocean','Shields','Manager','(490) 166-6063','ultrices.posuere@heinz.com','05-12-95','Male',207429,'04-10-15',10005,22001);
INSERT INTO EMPLOYEE VALUES (22004,'Ishmael','Hoover','Sales','(723) 843-4942','nulla.facilisis@heinz.com','10-16-77','Female',187088,'03-23-20',10004,22001);
INSERT INTO EMPLOYEE VALUES (22005,'Mufutau','Diaz','Sales','(157) 844-3773','purus.maecenas@heinz.com','04-04-98','Male',128299,'08-31-14',10005,22005);
INSERT INTO EMPLOYEE VALUES (22006,'Haviva','Norman','Sales','(768) 307-4497','nibh@heinz.com','09-03-81','Female',133442,'11-30-19',10010,22002);
INSERT INTO EMPLOYEE VALUES (22007,'Hoyt','Kline','Manager','(213) 285-8977','parturient.montes@heinz.com','03-14-80','Male',258326,'11-30-19',10003,22001);
INSERT INTO EMPLOYEE VALUES (22008,'Hop','Cardenas','Manager','(782) 714-3335','non.dapibus@heinz.com','06-23-98','Male',177564,'08-01-14',10008,22002);
INSERT INTO EMPLOYEE VALUES (22009,'Keegan','Osborn','Technician','(745) 889-3747','vestibulum.ante@heinz.com','11-17-98','Male',74326,'04-23-20',10003,22005);
INSERT INTO EMPLOYEE VALUES (22010,'Jennifer','Sampson','Manager','(486) 686-3158','aliquet.libero@heinz.com','05-21-77','Female',267017,'06-01-20',10003,22001);


--FAULTREPORT 31001-31010
INSERT INTO FAULTREPORT VALUES(31001,'12-29-21','Medium',22003,30007,40006);
INSERT INTO FAULTREPORT VALUES(31002,'09-21-20','Severe',22005,30004,40003);
INSERT INTO FAULTREPORT VALUES(31003,'09-14-21','Medium',22006,30007,40010);
INSERT INTO FAULTREPORT VALUES(31004,'11-12-21','Slight',22006,30008,40007);
INSERT INTO FAULTREPORT VALUES(31005,'11-25-20','Medium',22004,30002,40002);
INSERT INTO FAULTREPORT VALUES(31006,'06-21-22','Slight',22007,30007,40003);
INSERT INTO FAULTREPORT VALUES(31007,'10-07-20','Slight',22007,30010,40007);
INSERT INTO FAULTREPORT VALUES(31008,'12-16-21','Severe',22009,30004,40008);
INSERT INTO FAULTREPORT VALUES(31009,'07-12-21','Severe',22006,30005,40002);
INSERT INTO FAULTREPORT VALUES(31010,'07-03-22','Slight',22008,30007,40005);


--OUTLET 10001-10010
INSERT INTO OUTLET VALUES (10001,'Ap #851-225 Sit Street','West Jordan','UT','99874','(336) 772-2938',22003);
INSERT INTO OUTLET VALUES (10002,'639-5881 Quisque Rd.','Tacoma','WA','69646','(858) 188-8032',22002);
INSERT INTO OUTLET VALUES (10003,'Ap #625-4061 Elit Ave','Lafayette','LA','86283','(131) 250-8513',22008);
INSERT INTO OUTLET VALUES (10004,'4805 Tortor St.','Georgia','GA','24816','(351) 523-7139',22006);
INSERT INTO OUTLET VALUES (10005,'Ap #915-8520 Malesuada St.','Glendale','AZ','36652','(733) 668-6415',22006);
INSERT INTO OUTLET VALUES (10006,'308-3349 Id Ave','Worcester','MA','97751','(253) 507-6565',22008);
INSERT INTO OUTLET VALUES (10007,'1394 At Road','Montpelier','VT','61669','(963) 231-1358',22002);
INSERT INTO OUTLET VALUES (10008,'186-3914 Arcu. Avenue','Sterling Heights','MI','41262','(919) 882-2559',22002);
INSERT INTO OUTLET VALUES (10009,'P.O. Box 241, 4357 Sagittis. St.','Joliet','IL','58871','(526) 245-5564',22003);
INSERT INTO OUTLET VALUES (10010,'121-6731 Feugiat. Rd.','Owensboro','KY','68358','(463) 861-6682',22009);


--VEHICLE 30001-30010 license
INSERT INTO VEHICLE VALUES(30001,'09-29-17','T1','Red',2020,'Yes',1328,25,'12-20-21',10003);
INSERT INTO VEHICLE VALUES(30002,'08-01-18','R2','Blue',2020,'No',2341,42,'11-28-20',10008);
INSERT INTO VEHICLE VALUES(30003,'07-17-20','R2','Blue',2017,'No',2086,21,'07-09-18',10009);
INSERT INTO VEHICLE VALUES(30004,'04-19-20','T1','Grey',2018,'Yes',1137,37,'12-23-18',10006);
INSERT INTO VEHICLE VALUES(30005,'03-06-17','T1','Grey',2018,'Yes',1369,46,'07-01-20',10005);
INSERT INTO VEHICLE VALUES(30006,'10-07-16','M1','Red',2021,'No',2122,46,'09-13-18',10001);
INSERT INTO VEHICLE VALUES(30007,'08-23-14','R2','Grey',2019,'Yes',1472,34,'07-29-21',10003);
INSERT INTO VEHICLE VALUES(30008,'01-25-18','M1','Blue',2016,'Yes',1184,62,'05-16-19',10008);
INSERT INTO VEHICLE VALUES(30009,'04-29-21','R2','Blue',2017,'No',1934,43,'09-05-20',10009);
INSERT INTO VEHICLE VALUES(30010,'03-11-21','M1','Red',2019,'Yes',1238,26,'05-07-19',10007);


--CLIENT 50001-50010
INSERT INTO CLIENT VALUES (501, 'Codd',   'Jim',   '700-121-4126', 'Normalization');
INSERT INTO CLIENT VALUES (50001,'Kamal','Sandoval','(332) 347-8897','kamal.sandoval@gmail.com','P.O. Box 940, 8723 Leo. Avenue','Augusta','ME','65658');
INSERT INTO CLIENT VALUES (50002,'Caesar','Henson','(286) 611-7329','h_caesar@gmail.com','Ap #831-8095 Lorem. Road','Lewiston','ME','36996');
INSERT INTO CLIENT VALUES (50003,'Abraham','Huffman','(369) 203-4677','h_abraham@gmail.com','Ap #539-6795 Integer St.','Topeka','KS','36566');
INSERT INTO CLIENT VALUES (50004,'Sarah','Riddle','(338) 855-4211','riddlesarah@gmail.com','P.O. Box 719, 5275 Diam. St.','Little Rock','AR','42643');
INSERT INTO CLIENT VALUES (50005,'Ruby','Morrow','(745) 297-3436','r.morrow5923@gmail.com','Ap #769-8797 Aliquam Rd.','Pocatello','ID','14031');
INSERT INTO CLIENT VALUES (50006,'Bianca','Finch','(282) 504-5236','finch.bianca9838@gmail.com','Ap #390-7797 Augue Rd.','Helena','MT','73680');
INSERT INTO CLIENT VALUES (50007,'Anika','Young','(415) 642-3268','y.anika@gmail.com','Ap #707-1029 Suspendisse Street','Oklahoma City','OK','61125');
INSERT INTO CLIENT VALUES (50008,'Gemma','Gaines','(894) 921-5853','gemmagaines@gmail.com','Ap #984-2703 Maecenas Road','Eugene','OR','87249');
INSERT INTO CLIENT VALUES (50009,'Tanya','Rutledge','(487) 412-0117','rutledge.tanya6780@gmail.com','Ap #743-7166 Ornare Rd.','Memphis','TN','92504');
INSERT INTO CLIENT VALUES (50010,'Otto','Williamson','(236) 901-1231','o-williamson567@gmail.com','P.O. Box 213, 187 Sagittis. Av.','Sterling Heights','MI','95204');


--RAGREEMENT 40001-40010 rental
INSERT INTO RAGREEMENT VALUES (40001,'06-07-21','06-15-21',25512,34669,'Collision Coverage',50006,30004);
INSERT INTO RAGREEMENT VALUES (40002,'06-09-21','06-14-21',27840,36104,'Comprehensive Coverage',50008,30009);
INSERT INTO RAGREEMENT VALUES (40003,'06-08-21','06-16-21',27153,32311,'Collision Coverage',50006,30006);
INSERT INTO RAGREEMENT VALUES (40004,'06-09-21','06-16-21',25216,34734,'Comprehensive Coverage',50006,30007);
INSERT INTO RAGREEMENT VALUES (40005,'06-09-21','06-15-21',27382,36442,'Comprehensive Coverage',50003,30006);
INSERT INTO RAGREEMENT VALUES (40006,'06-09-21','06-16-21',29129,33582,'Collision Coverage',50007,30010);
INSERT INTO RAGREEMENT VALUES (40007,'06-09-21','06-14-21',21751,33087,'Collision Coverage',50002,30007);
INSERT INTO RAGREEMENT VALUES (40008,'06-09-21','06-14-21',26626,34057,'Collision Coverage',50003,30006);
INSERT INTO RAGREEMENT VALUES (40009,'06-07-21','06-14-21',27053,35785,'Collision Coverage',50003,30009);
INSERT INTO RAGREEMENT VALUES (40010,'06-09-21','06-14-21',22519,34854,'Collision Coverage',50002,30008);
 
 